{"loss": 0.8812695741653442, "lr": 9.999383162408304e-05, "epoch": 1, "_timestamp": 1716134132.3960183, "_runtime": 1580.7876362800598, "_step": 926, "Epoch_Average_Loss": 0.9301504857967354, "N_dice": 0.17224815487861633, "E_dice": 0.3826250731945038, "TA_dice": 0.20776456594467163, "average_dice": 0.2533149719238281}