{"loss": 0.15686148405075073, "lr": 1.812880051256553e-05, "epoch": 144, "_timestamp": 1715932323.6722288, "_runtime": 129709.38598179817, "_step": 75158, "Epoch_Average_Loss": 0.09626426578630372, "N_dice": 0.8158160448074341, "E_dice": 0.9066966772079468, "TA_dice": 0.9060680866241455, "average_dice": 0.8763357996940613}