{"loss": 0.2948113977909088, "lr": 9.9698047772759e-05, "epoch": 7, "_timestamp": 1715966180.8593535, "_runtime": 4774.924637556076, "_step": 3714, "Epoch_Average_Loss": 0.32386257924383544, "N_dice": 0.5495147705078125, "E_dice": 0.6367267966270447, "TA_dice": 0.6753255128860474, "average_dice": 0.6177137494087219}