{"loss": 0.9894492030143738, "lr": 0.0001, "epoch": 0, "_timestamp": 1714955453.3227859, "_runtime": 10.91394591331482, "_step": 1, "_wandb": {"runtime": 12}}