{"loss": 0.45438024401664734, "lr": 9.98458666866564e-05, "epoch": 5, "_timestamp": 1716164207.2358582, "_runtime": 3920.69278717041, "_step": 2819, "Epoch_Average_Loss": 0.47551430308175685, "N_dice": 0.36942464113235474, "E_dice": 0.6822839379310608, "TA_dice": 0.6454449892044067, "average_dice": 0.5648685097694397}