{"loss": 0.3962530493736267, "lr": 2.467198171342004e-08, "epoch": 99, "_timestamp": 1715031392.2466888, "_runtime": 75753.99245095253, "_step": 52099, "Epoch_Average_Loss": 0.1162783465166944, "Nroi_dice": 0.7967488765716553, "Froi_dice": 0.8885322213172913, "_wandb": {"runtime": 75753}}