{"loss": 0.14551487565040588, "lr": 8.187119948743451e-05, "epoch": 56, "_timestamp": 1715507484.487618, "_runtime": 67931.12767004967, "_step": 29269, "Epoch_Average_Loss": 0.15023333432156455, "N_dice": 0.7575671672821045, "E_dice": 0.8416882157325745, "TA_dice": 0.8635067343711853, "average_dice": 0.8202516436576843}