{"loss": 0.3734332025051117, "lr": 6.168375916970621e-09, "epoch": 199, "_timestamp": 1716494044.5063891, "_runtime": 175671.85272622108, "_step": 104199, "Epoch_Average_Loss": 0.08862917143528516, "N_dice": 0.8232997059822083, "E_dice": 0.9071695804595947, "TA_dice": 0.9075993895530701, "average_dice": 0.8796210885047913, "_wandb": {"runtime": 175671}}