{"loss": 0.9043351411819458, "lr": 9.999383162408304e-05, "epoch": 1, "_timestamp": 1716174874.6541338, "_runtime": 776.1894087791443, "_step": 542, "Epoch_Average_Loss": 0.935067001105733, "N_dice": 0.054336998611688614, "E_dice": 0.43297335505485535, "TA_dice": 0.1635691076517105, "average_dice": 0.2165193110704422}