{"loss": 0.9322004318237305, "lr": 9.999383162408304e-05, "epoch": 1, "_timestamp": 1715219162.1072118, "_runtime": 3044.3722047805786, "_step": 560, "Epoch_Average_Loss": 0.9480522013124014, "N_dice": 0.1120389997959137, "E_dice": 0.3890446424484253, "TA_dice": 0.18559816479682922, "average_dice": 0.22799615561962128, "_wandb": {"runtime": 3047}}