{"loss": 0.0755929946899414, "lr": 5.1570537953906453e-05, "epoch": 98, "_timestamp": 1715432815.9236777, "_runtime": 213087.6610956192, "_step": 51211, "Epoch_Average_Loss": 0.14285769432366813, "N_dice": 0.7564212083816528, "E_dice": 0.8476032614707947, "TA_dice": 0.8665859699249268, "average_dice": 0.8221563100814819}