{"loss": 0.7474468946456909, "lr": 9.67722015414934e-05, "epoch": 23, "_timestamp": 1715755482.8111122, "_runtime": 17958.24386715889, "_step": 12502, "Epoch_Average_Loss": 0.20146985003914908, "N_dice": 0.6686198711395264, "E_dice": 0.7194530367851257, "TA_dice": 0.7877915501594543, "average_dice": 0.7238337397575378}