{"loss": 0.21817129850387573, "lr": 9.950118288582787e-05, "epoch": 9, "_timestamp": 1716008281.9041817, "_runtime": 6722.756334781647, "_step": 5150, "Epoch_Average_Loss": 0.271995424664434, "N_dice": 0.5925305485725403, "E_dice": 0.7169003486633301, "TA_dice": 0.7479135394096375, "average_dice": 0.6843810677528381}