{"loss": 0.9235619902610779, "lr": 0.0001, "epoch": 0, "_timestamp": 1715736265.5988426, "_runtime": 188.74608755111694, "_step": 72}